-- MySQL dump 10.13  Distrib 5.7.17, for Win64 (x86_64)
--
-- Host: 127.0.0.1    Database: software
-- ------------------------------------------------------
-- Server version	5.5.5-10.1.35-MariaDB

/*!40101 SET @OLD_CHARACTER_SET_CLIENT=@@CHARACTER_SET_CLIENT */;
/*!40101 SET @OLD_CHARACTER_SET_RESULTS=@@CHARACTER_SET_RESULTS */;
/*!40101 SET @OLD_COLLATION_CONNECTION=@@COLLATION_CONNECTION */;
/*!40101 SET NAMES utf8 */;
/*!40103 SET @OLD_TIME_ZONE=@@TIME_ZONE */;
/*!40103 SET TIME_ZONE='+00:00' */;
/*!40014 SET @OLD_UNIQUE_CHECKS=@@UNIQUE_CHECKS, UNIQUE_CHECKS=0 */;
/*!40014 SET @OLD_FOREIGN_KEY_CHECKS=@@FOREIGN_KEY_CHECKS, FOREIGN_KEY_CHECKS=0 */;
/*!40101 SET @OLD_SQL_MODE=@@SQL_MODE, SQL_MODE='NO_AUTO_VALUE_ON_ZERO' */;
/*!40111 SET @OLD_SQL_NOTES=@@SQL_NOTES, SQL_NOTES=0 */;

--
-- Table structure for table `ACTAS`
--

DROP TABLE IF EXISTS `ACTAS`;
/*!40101 SET @saved_cs_client     = @@character_set_client */;
/*!40101 SET character_set_client = utf8 */;
CREATE TABLE `ACTAS` (
  `ID_ACTA` int(10) unsigned NOT NULL AUTO_INCREMENT,
  `ID_SEMESTRE` int(10) unsigned NOT NULL,
  `ID_ESPECIALIDAD` int(10) unsigned NOT NULL,
  `ACTA` mediumblob,
  `FECHA_REGISTRO` datetime DEFAULT NULL,
  `FECHA_ACTUALIZACION` datetime DEFAULT NULL,
  `USUARIO_MODIF` int(11) DEFAULT NULL,
  `ESTADO` int(11) DEFAULT NULL,
  PRIMARY KEY (`ID_ACTA`,`ID_SEMESTRE`,`ID_ESPECIALIDAD`),
  UNIQUE KEY `ID_ACTA_UNIQUE` (`ID_ACTA`),
  KEY `FK_ACTAS_SEMESTRES1` (`ID_SEMESTRE`),
  KEY `FK_ACTAS_ESPECIALIDADES1` (`ID_ESPECIALIDAD`),
  CONSTRAINT `FK_ACTAS_ESPECIALIDADES1` FOREIGN KEY (`ID_ESPECIALIDAD`) REFERENCES `ESPECIALIDADES` (`ID_ESPECIALIDAD`),
  CONSTRAINT `FK_ACTAS_SEMESTRES1` FOREIGN KEY (`ID_SEMESTRE`) REFERENCES `SEMESTRES` (`ID_SEMESTRE`)
) ENGINE=InnoDB DEFAULT CHARSET=utf8;
/*!40101 SET character_set_client = @saved_cs_client */;

--
-- Dumping data for table `ACTAS`
--

LOCK TABLES `ACTAS` WRITE;
/*!40000 ALTER TABLE `ACTAS` DISABLE KEYS */;
/*!40000 ALTER TABLE `ACTAS` ENABLE KEYS */;
UNLOCK TABLES;

--
-- Table structure for table `ALUMNOS`
--

DROP TABLE IF EXISTS `ALUMNOS`;
/*!40101 SET @saved_cs_client     = @@character_set_client */;
/*!40101 SET character_set_client = utf8 */;
CREATE TABLE `ALUMNOS` (
  `ID_ALUMNO` int(10) unsigned NOT NULL AUTO_INCREMENT,
  `ID_SEMESTRE` int(10) unsigned NOT NULL,
  `ID_ESPECIALIDAD` int(10) unsigned NOT NULL,
  `NOMBRES` varchar(145) DEFAULT NULL,
  `APELLIDO_PATERNO` varchar(45) DEFAULT NULL,
  `APELLIDO_MATERNO` varchar(45) DEFAULT NULL,
  `CODIGO` varchar(45) DEFAULT NULL,
  `FECHA_REGISTRO` datetime DEFAULT NULL,
  `FECHA_ACTUALIZACION` datetime DEFAULT NULL,
  `USUARIO_MODIF` int(11) DEFAULT NULL,
  `ESTADO` int(11) DEFAULT NULL,
  PRIMARY KEY (`ID_ALUMNO`,`ID_SEMESTRE`,`ID_ESPECIALIDAD`),
  UNIQUE KEY `ID_ALUMNO_UNIQUE` (`ID_ALUMNO`),
  KEY `FK_ALUMNOS_SEMESTRES1` (`ID_SEMESTRE`),
  KEY `FK_ALUMNOS_ESPECIALIDADES1` (`ID_ESPECIALIDAD`),
  CONSTRAINT `FK_ALUMNOS_ESPECIALIDADES1` FOREIGN KEY (`ID_ESPECIALIDAD`) REFERENCES `ESPECIALIDADES` (`ID_ESPECIALIDAD`) ON DELETE NO ACTION ON UPDATE NO ACTION,
  CONSTRAINT `FK_ALUMNOS_SEMESTRES1` FOREIGN KEY (`ID_SEMESTRE`) REFERENCES `SEMESTRES` (`ID_SEMESTRE`) ON DELETE NO ACTION ON UPDATE NO ACTION
) ENGINE=InnoDB AUTO_INCREMENT=21 DEFAULT CHARSET=utf8;
/*!40101 SET character_set_client = @saved_cs_client */;

--
-- Dumping data for table `ALUMNOS`
--

LOCK TABLES `ALUMNOS` WRITE;
/*!40000 ALTER TABLE `ALUMNOS` DISABLE KEYS */;
INSERT INTO `ALUMNOS` VALUES (1,2,1,'Sebastian','Ganto','Huarhua','20130917','2018-10-22 22:25:24','2018-10-22 22:25:24',2,1),(2,2,1,'Luis','Arana','Motta','20140967','2018-10-22 22:27:16','2018-10-22 22:27:16',2,1),(3,2,1,'Daniela','Argumanis','Escalante','20140445','2018-10-22 22:27:16','2018-10-22 22:27:16',2,1),(4,2,1,'Karla','Pedraza','Salinas','20141056','2018-10-22 22:27:16','2018-10-22 22:27:16',2,1),(5,2,1,'Andre','Pando','Huarhua','20142145','2018-10-22 22:27:16','2018-10-22 22:27:16',2,1),(6,2,1,'Yoluana','Gamboa','Sanchez','20140058','2018-10-22 22:27:16','2018-10-22 22:27:16',2,1),(7,2,1,'Ronie','Arauco','Alarcon','20140880','2018-10-22 22:27:16','2018-10-22 22:27:16',2,1),(8,2,1,'Eduardo','Velarde','Polar','20141142','2018-10-22 22:27:16','2018-10-22 22:27:16',2,1),(9,2,1,'Daniel','Chapi','Alejo','20140352','2018-10-22 22:27:16','2018-10-22 22:27:16',2,1),(10,2,1,'Oscar','Cerna','Loli','20121302','2018-10-22 22:27:16','2018-10-22 22:27:16',2,1),(11,2,1,'Gianella','Cueva','Olano','20130918','2018-10-22 22:27:16','2018-10-22 22:27:16',2,1),(12,2,1,'Sergio','Rivas','Medina','20134567','2018-10-22 22:27:16','2018-10-22 22:27:16',2,1),(13,2,1,'Hector','Gamero','Mota','2015032','2018-10-22 22:27:16','2018-10-22 22:27:16',2,1),(14,2,1,'Renato','Perez','Gutierrez','2031765','2018-10-22 22:27:16','2018-10-22 22:27:16',2,1),(15,2,1,'Ernesto','Quiñones','Dolorier','20150698','2018-10-22 22:27:16','2018-10-22 22:27:16',2,1),(16,2,1,'Angello','Rodriguez','Cordova','20143254','2018-10-22 22:27:16','2018-10-22 22:27:16',2,1),(17,2,1,'Anel','Araceli','Bernardo','20137821','2018-10-22 22:27:16','2018-10-22 22:27:16',2,1),(18,2,1,'Piero','Del Valle','Baudaccio','20130342','2018-10-22 22:27:16','2018-10-22 22:27:16',2,1),(19,2,1,'Ayax','Espinoza','Del Aguila','20130176','2018-10-22 22:27:16','2018-10-22 22:27:16',2,1),(20,2,1,'Diego','Pachecho','Duro','20143064','2018-10-22 22:27:16','2018-10-22 22:27:16',2,1);
/*!40000 ALTER TABLE `ALUMNOS` ENABLE KEYS */;
UNLOCK TABLES;

--
-- Table structure for table `ALUMNOS_HAS_HORARIOS`
--

DROP TABLE IF EXISTS `ALUMNOS_HAS_HORARIOS`;
/*!40101 SET @saved_cs_client     = @@character_set_client */;
/*!40101 SET character_set_client = utf8 */;
CREATE TABLE `ALUMNOS_HAS_HORARIOS` (
  `ID_ALUMNO` int(10) unsigned NOT NULL,
  `ID_HORARIO` int(10) unsigned NOT NULL,
  `ID_PROYECTO` int(10) unsigned NOT NULL,
  `ID_SEMESTRE` int(10) unsigned NOT NULL,
  `ID_ESPECIALIDAD` int(10) unsigned NOT NULL,
  `FECHA_REGISTRO` datetime DEFAULT NULL,
  `FECHA_ACTUALIZACION` datetime DEFAULT NULL,
  `USUARIO_MODIF` int(11) DEFAULT NULL,
  `ESTADO` int(11) DEFAULT NULL,
  PRIMARY KEY (`ID_ALUMNO`,`ID_HORARIO`,`ID_PROYECTO`,`ID_SEMESTRE`,`ID_ESPECIALIDAD`),
  KEY `FK_ALUMNOS_HAS_HORARIOS_PROYECTOS1` (`ID_PROYECTO`),
  KEY `FK_ALUMNOS_HAS_HORARIOS_HORARIOS1` (`ID_HORARIO`),
  KEY `FK_ALUMNOS_HAS_HORARIOS_ALUMNOS1` (`ID_ALUMNO`,`ID_SEMESTRE`,`ID_ESPECIALIDAD`),
  CONSTRAINT `FK_ALUMNOS_HAS_HORARIOS_ALUMNOS1` FOREIGN KEY (`ID_ALUMNO`, `ID_SEMESTRE`, `ID_ESPECIALIDAD`) REFERENCES `ALUMNOS` (`ID_ALUMNO`, `ID_SEMESTRE`, `ID_ESPECIALIDAD`) ON DELETE NO ACTION ON UPDATE NO ACTION,
  CONSTRAINT `FK_ALUMNOS_HAS_HORARIOS_HORARIOS1` FOREIGN KEY (`ID_HORARIO`) REFERENCES `HORARIOS` (`ID_HORARIO`) ON DELETE NO ACTION ON UPDATE NO ACTION,
  CONSTRAINT `FK_ALUMNOS_HAS_HORARIOS_PROYECTOS1` FOREIGN KEY (`ID_PROYECTO`) REFERENCES `PROYECTOS` (`ID_PROYECTO`)
) ENGINE=InnoDB DEFAULT CHARSET=utf8;
/*!40101 SET character_set_client = @saved_cs_client */;

--
-- Dumping data for table `ALUMNOS_HAS_HORARIOS`
--

LOCK TABLES `ALUMNOS_HAS_HORARIOS` WRITE;
/*!40000 ALTER TABLE `ALUMNOS_HAS_HORARIOS` DISABLE KEYS */;
INSERT INTO `ALUMNOS_HAS_HORARIOS` VALUES (1,1,1,2,1,'2018-10-22 22:37:00','2018-10-22 22:37:00',4,1),(2,1,1,2,1,'2018-10-22 22:37:00','2018-10-22 22:37:00',4,1),(3,1,1,2,1,'2018-10-22 22:37:00','2018-10-22 22:37:00',4,1),(4,1,2,2,1,'2018-10-22 22:37:00','2018-10-22 22:37:00',4,1),(5,2,2,2,1,'2018-10-22 22:37:00','2018-10-22 22:37:00',4,1),(6,2,2,2,1,'2018-10-22 22:37:00','2018-10-22 22:37:00',4,1),(7,2,2,2,1,'2018-10-22 22:37:00','2018-10-22 22:37:00',4,1),(8,2,2,2,1,'2018-10-22 22:37:00','2018-10-22 22:37:00',4,1),(9,2,3,2,1,'2018-10-22 22:37:00','2018-10-22 22:37:00',4,1),(10,3,4,2,1,'2018-10-22 22:37:00','2018-10-22 22:37:00',4,1),(11,3,4,2,1,'2018-10-22 22:37:00','2018-10-22 22:37:00',4,1),(12,3,4,2,1,'2018-10-22 22:37:00','2018-10-22 22:37:00',4,1),(13,3,5,2,1,'2018-10-22 22:37:00','2018-10-22 22:37:00',4,1),(14,3,5,2,1,'2018-10-22 22:37:00','2018-10-22 22:37:00',4,1),(15,4,6,2,1,'2018-10-22 22:37:00','2018-10-22 22:37:00',4,1),(16,4,6,2,1,'2018-10-22 22:37:00','2018-10-22 22:37:00',4,1),(17,4,6,2,1,'2018-10-22 22:37:00','2018-10-22 22:37:00',4,1),(18,4,7,2,1,'2018-10-22 22:37:00','2018-10-22 22:37:00',4,1),(19,5,8,2,1,'2018-10-22 22:37:00','2018-10-22 22:37:00',4,1),(20,5,9,2,1,'2018-10-22 22:37:00','2018-10-22 22:37:00',4,1);
/*!40000 ALTER TABLE `ALUMNOS_HAS_HORARIOS` ENABLE KEYS */;
UNLOCK TABLES;

--
-- Table structure for table `CATEGORIAS`
--

DROP TABLE IF EXISTS `CATEGORIAS`;
/*!40101 SET @saved_cs_client     = @@character_set_client */;
/*!40101 SET character_set_client = utf8 */;
CREATE TABLE `CATEGORIAS` (
  `ID_CATEGORIA` int(10) unsigned NOT NULL AUTO_INCREMENT,
  `ID_RESULTADO` int(10) unsigned NOT NULL,
  `ID_SEMESTRE` int(10) unsigned NOT NULL,
  `ID_ESPECIALIDAD` int(10) unsigned NOT NULL,
  `NOMBRE` varchar(45) CHARACTER SET latin1 DEFAULT NULL,
  `FECHA_REGISTRO` datetime DEFAULT NULL,
  `FECHA_ACTUALIZACION` datetime DEFAULT NULL,
  `USUARIO_MODIF` int(11) DEFAULT NULL,
  `ESTADO` int(11) DEFAULT NULL,
  PRIMARY KEY (`ID_CATEGORIA`,`ID_RESULTADO`,`ID_SEMESTRE`,`ID_ESPECIALIDAD`),
  UNIQUE KEY `ID_CATEGORIA_UNIQUE` (`ID_CATEGORIA`),
  KEY `FK_CATEGORIAS_RESULTADOS1` (`ID_RESULTADO`),
  CONSTRAINT `FK_CATEGORIAS_RESULTADOS1` FOREIGN KEY (`ID_RESULTADO`) REFERENCES `RESULTADOS` (`ID_RESULTADO`)
) ENGINE=InnoDB DEFAULT CHARSET=utf8;
/*!40101 SET character_set_client = @saved_cs_client */;

--
-- Dumping data for table `CATEGORIAS`
--

LOCK TABLES `CATEGORIAS` WRITE;
/*!40000 ALTER TABLE `CATEGORIAS` DISABLE KEYS */;
/*!40000 ALTER TABLE `CATEGORIAS` ENABLE KEYS */;
UNLOCK TABLES;

--
-- Table structure for table `CURSOS`
--

DROP TABLE IF EXISTS `CURSOS`;
/*!40101 SET @saved_cs_client     = @@character_set_client */;
/*!40101 SET character_set_client = utf8 */;
CREATE TABLE `CURSOS` (
  `ID_CURSO` int(10) unsigned NOT NULL AUTO_INCREMENT,
  `ID_SEMESTRE` int(10) unsigned NOT NULL,
  `ID_ESPECIALIDAD` int(10) unsigned NOT NULL,
  `NOMBRE` varchar(500) DEFAULT NULL,
  `CODIGO_CURSO` varchar(45) DEFAULT NULL,
  `FECHA_REGISTRO` datetime DEFAULT NULL,
  `FECHA_ACTUALIZACION` datetime DEFAULT NULL,
  `ESTADO_ACREDITACION` int(11) DEFAULT NULL,
  `USUARIO_MODIF` int(11) DEFAULT NULL,
  `ESTADO` int(11) DEFAULT NULL,
  PRIMARY KEY (`ID_CURSO`,`ID_SEMESTRE`,`ID_ESPECIALIDAD`),
  UNIQUE KEY `ID_CURSO_UNIQUE` (`ID_CURSO`),
  KEY `FK_CURSOS_ESPECIALIDADES1` (`ID_ESPECIALIDAD`),
  KEY `FK_CURSOS_SEMESTRES1` (`ID_SEMESTRE`),
  CONSTRAINT `FK_CURSOS_ESPECIALIDADES1` FOREIGN KEY (`ID_ESPECIALIDAD`) REFERENCES `ESPECIALIDADES` (`ID_ESPECIALIDAD`) ON DELETE NO ACTION ON UPDATE NO ACTION,
  CONSTRAINT `FK_CURSOS_SEMESTRES1` FOREIGN KEY (`ID_SEMESTRE`) REFERENCES `SEMESTRES` (`ID_SEMESTRE`) ON DELETE NO ACTION ON UPDATE NO ACTION
) ENGINE=InnoDB AUTO_INCREMENT=14 DEFAULT CHARSET=utf8;
/*!40101 SET character_set_client = @saved_cs_client */;

--
-- Dumping data for table `CURSOS`
--

LOCK TABLES `CURSOS` WRITE;
/*!40000 ALTER TABLE `CURSOS` DISABLE KEYS */;
INSERT INTO `CURSOS` VALUES (1,2,1,'Redes de Computadoras','INF238','2018-10-22 20:24:55','2018-10-22 20:24:55',0,2,1),(2,2,1,'Ingenieria de Software','INF245','2018-10-22 20:24:55','2018-10-22 20:24:55',0,2,1),(3,2,1,'Etica Profesional','ING220','2018-10-22 20:24:55','2018-10-22 20:24:55',1,2,1),(4,2,1,'Experimentacion Numerica','1INF207','2018-10-22 20:24:55','2018-10-22 20:24:55',0,2,1),(5,2,1,'Desarrollo de Programas 1','INF226','2018-10-22 20:24:55','2018-10-22 20:24:55',1,2,1),(6,2,1,'Modelos y Simulacion Empesarial','INF234','2018-10-22 20:24:55','2018-10-22 20:24:55',0,2,1),(7,2,1,'Administracion de la Funcion Informatica','INF273','2018-10-22 20:24:55','2018-10-22 20:24:55',0,2,1),(8,2,1,'Planeamiento Estrategico en Informatica','INF295','2018-10-22 20:24:55','2018-10-22 20:24:55',0,2,1),(9,2,1,'Proyecto de Tesis 1','INF391','2018-10-22 20:24:55','2018-10-22 20:24:55',1,2,1),(10,2,1,'Desarrollo de Programas 2','INF227','2018-10-22 20:24:55','2018-10-22 20:24:55',1,2,1),(11,2,1,'Proyecto de Tesis 2','INF392','2018-10-22 20:24:55','2018-10-22 20:24:55',1,2,1),(12,1,1,'Redes de Computadoras','INF238','0000-00-00 00:00:00','0000-00-00 00:00:00',1,2,1),(13,1,1,'Ingenieria De Software','INF245','2018-10-22 20:24:55','2018-10-22 20:24:55',1,2,1);
/*!40000 ALTER TABLE `CURSOS` ENABLE KEYS */;
UNLOCK TABLES;

--
-- Table structure for table `DESCRIPCIONES`
--

DROP TABLE IF EXISTS `DESCRIPCIONES`;
/*!40101 SET @saved_cs_client     = @@character_set_client */;
/*!40101 SET character_set_client = utf8 */;
CREATE TABLE `DESCRIPCIONES` (
  `ID_DESCRIPCION` int(10) unsigned NOT NULL AUTO_INCREMENT,
  `ID_INDICADOR` int(10) unsigned NOT NULL,
  `ID_SEMESTRE` int(10) unsigned NOT NULL,
  `ID_ESPECIALIDAD` int(10) unsigned NOT NULL,
  `NOMBRE` varchar(500) DEFAULT NULL,
  `FECHA_REGISTRO` datetime DEFAULT NULL,
  `FECHA_ACTUALIZACION` datetime DEFAULT NULL,
  `USUARIO_MODIF` int(11) DEFAULT NULL,
  `ESTADO` int(11) DEFAULT NULL,
  PRIMARY KEY (`ID_DESCRIPCION`,`ID_INDICADOR`),
  UNIQUE KEY `ID_INDICADOR_UNIQUE` (`ID_DESCRIPCION`),
  KEY `FK_DESCRIPCIONES_INDICADORES1` (`ID_INDICADOR`),
  CONSTRAINT `FK_DESCRIPCIONES_INDICADORES1` FOREIGN KEY (`ID_INDICADOR`) REFERENCES `INDICADORES` (`ID_INDICADOR`)
) ENGINE=InnoDB DEFAULT CHARSET=utf8;
/*!40101 SET character_set_client = @saved_cs_client */;

--
-- Dumping data for table `DESCRIPCIONES`
--

LOCK TABLES `DESCRIPCIONES` WRITE;
/*!40000 ALTER TABLE `DESCRIPCIONES` DISABLE KEYS */;
/*!40000 ALTER TABLE `DESCRIPCIONES` ENABLE KEYS */;
UNLOCK TABLES;

--
-- Table structure for table `EOS`
--

DROP TABLE IF EXISTS `EOS`;
/*!40101 SET @saved_cs_client     = @@character_set_client */;
/*!40101 SET character_set_client = utf8 */;
CREATE TABLE `EOS` (
  `ID_EOS` int(10) unsigned NOT NULL AUTO_INCREMENT,
  `ID_SEMESTRE` int(10) unsigned NOT NULL,
  `ID_ESPECIALIDAD` int(10) unsigned NOT NULL,
  `FECHA_REGISTRO` datetime DEFAULT NULL,
  `FECHA_ACTUALIZACION` datetime DEFAULT NULL,
  `USUARIO_MODIF` int(11) DEFAULT NULL,
  `ESTADO` int(11) DEFAULT NULL,
  PRIMARY KEY (`ID_EOS`,`ID_SEMESTRE`,`ID_ESPECIALIDAD`),
  UNIQUE KEY `ID_EOS_UNIQUE` (`ID_EOS`),
  KEY `FK_EOS_SEMESTRES1` (`ID_SEMESTRE`),
  KEY `FK_EOS_ESPECIALIDADES1` (`ID_ESPECIALIDAD`),
  CONSTRAINT `FK_EOS_ESPECIALIDADES1` FOREIGN KEY (`ID_ESPECIALIDAD`) REFERENCES `ESPECIALIDADES` (`ID_ESPECIALIDAD`),
  CONSTRAINT `FK_EOS_SEMESTRES1` FOREIGN KEY (`ID_SEMESTRE`) REFERENCES `SEMESTRES` (`ID_SEMESTRE`)
) ENGINE=InnoDB DEFAULT CHARSET=utf8;
/*!40101 SET character_set_client = @saved_cs_client */;

--
-- Dumping data for table `EOS`
--

LOCK TABLES `EOS` WRITE;
/*!40000 ALTER TABLE `EOS` DISABLE KEYS */;
/*!40000 ALTER TABLE `EOS` ENABLE KEYS */;
UNLOCK TABLES;

--
-- Table structure for table `ESPECIALIDADES`
--

DROP TABLE IF EXISTS `ESPECIALIDADES`;
/*!40101 SET @saved_cs_client     = @@character_set_client */;
/*!40101 SET character_set_client = utf8 */;
CREATE TABLE `ESPECIALIDADES` (
  `ID_ESPECIALIDAD` int(10) unsigned NOT NULL AUTO_INCREMENT,
  `NOMBRE` varchar(45) DEFAULT NULL,
  `FECHA_REGISTRO` datetime DEFAULT NULL,
  `FECHA_ACTUALIZACION` datetime DEFAULT NULL,
  `USUARIO_MODIF` int(11) DEFAULT NULL,
  `ESTADO` int(11) DEFAULT NULL,
  PRIMARY KEY (`ID_ESPECIALIDAD`),
  UNIQUE KEY `ID_ESPECIALIDAD_UNIQUE` (`ID_ESPECIALIDAD`)
) ENGINE=InnoDB AUTO_INCREMENT=5 DEFAULT CHARSET=utf8;
/*!40101 SET character_set_client = @saved_cs_client */;

--
-- Dumping data for table `ESPECIALIDADES`
--

LOCK TABLES `ESPECIALIDADES` WRITE;
/*!40000 ALTER TABLE `ESPECIALIDADES` DISABLE KEYS */;
INSERT INTO `ESPECIALIDADES` VALUES (1,'Ingenieria Informatica','2018-10-22 19:50:44','2018-10-22 19:50:44',1,1),(2,'Ingenieria Industrial','2018-10-22 19:50:44','2018-10-22 19:50:44',1,1),(3,'Ingenieria Civil','2018-10-22 19:50:44','2018-10-22 19:50:44',1,1),(4,'Ingenieria Mecatronica','2018-10-22 19:50:44','2018-10-22 19:50:44',1,1);
/*!40000 ALTER TABLE `ESPECIALIDADES` ENABLE KEYS */;
UNLOCK TABLES;

--
-- Table structure for table `HORARIOS`
--

DROP TABLE IF EXISTS `HORARIOS`;
/*!40101 SET @saved_cs_client     = @@character_set_client */;
/*!40101 SET character_set_client = utf8 */;
CREATE TABLE `HORARIOS` (
  `ID_HORARIO` int(10) unsigned NOT NULL AUTO_INCREMENT,
  `ID_CURSO` int(10) unsigned NOT NULL,
  `ID_SEMESTRE` int(10) unsigned NOT NULL,
  `ID_ESPECIALIDAD` int(10) unsigned NOT NULL,
  `NOMBRE` varchar(70) DEFAULT NULL,
  `FECHA_REGISTRO` datetime DEFAULT NULL,
  `FECHA_ACTUALIZACION` datetime DEFAULT NULL,
  `USUARIO_MODIF` int(11) DEFAULT NULL,
  `ESTADO` int(11) DEFAULT NULL,
  PRIMARY KEY (`ID_HORARIO`,`ID_CURSO`,`ID_SEMESTRE`,`ID_ESPECIALIDAD`),
  UNIQUE KEY `ID_HORARIO_UNIQUE` (`ID_HORARIO`),
  KEY `FK_HORARIOS_CURSOS1` (`ID_CURSO`,`ID_SEMESTRE`,`ID_ESPECIALIDAD`),
  CONSTRAINT `FK_HORARIOS_CURSOS1` FOREIGN KEY (`ID_CURSO`, `ID_SEMESTRE`, `ID_ESPECIALIDAD`) REFERENCES `CURSOS` (`ID_CURSO`, `ID_SEMESTRE`, `ID_ESPECIALIDAD`)
) ENGINE=InnoDB AUTO_INCREMENT=22 DEFAULT CHARSET=utf8;
/*!40101 SET character_set_client = @saved_cs_client */;

--
-- Dumping data for table `HORARIOS`
--

LOCK TABLES `HORARIOS` WRITE;
/*!40000 ALTER TABLE `HORARIOS` DISABLE KEYS */;
INSERT INTO `HORARIOS` VALUES (1,1,2,1,'0881','2018-10-22 22:02:24','2018-10-22 22:02:24',2,1),(2,1,2,1,'0882','2018-10-22 22:02:24','2018-10-22 22:02:24',2,1),(3,2,2,1,'0881','2018-10-22 22:02:24','2018-10-22 22:02:24',2,1),(4,2,2,1,'0882','2018-10-22 22:02:24','2018-10-22 22:02:24',2,1),(5,3,2,1,'0841','2018-10-22 22:02:24','2018-10-22 22:02:24',2,1),(6,3,2,1,'0842','2018-10-22 22:02:24','2018-10-22 22:02:24',2,1),(7,3,2,1,'0843','2018-10-22 22:02:24','2018-10-22 22:02:24',2,1),(8,3,2,1,'0844','2018-10-22 22:02:24','2018-10-22 22:02:24',2,1),(9,3,2,1,'0845','2018-10-22 22:02:24','2018-10-22 22:02:24',2,1),(10,3,2,1,'0846','2018-10-22 22:02:24','2018-10-22 22:02:24',2,1),(11,3,2,1,'0847','2018-10-22 22:02:24','2018-10-22 22:02:24',2,1),(12,4,2,1,'0882','2018-10-22 22:02:24','2018-10-22 22:02:24',2,1),(13,5,2,1,'0981','2018-10-22 22:02:24','2018-10-22 22:02:24',2,1),(14,6,2,1,'0981','2018-10-22 22:02:24','2018-10-22 22:02:24',2,1),(15,7,2,1,'0981','2018-10-22 22:02:24','2018-10-22 22:02:24',2,1),(16,8,2,1,'0981','2018-10-22 22:02:24','2018-10-22 22:02:24',2,1),(17,9,2,1,'0981','2018-10-22 22:02:24','2018-10-22 22:02:24',2,1),(18,10,2,1,'1081','2018-10-22 22:02:24','2018-10-22 22:02:24',2,1),(19,11,2,1,'1081','2018-10-22 22:02:24','2018-10-22 22:02:24',2,1),(20,12,1,1,'0881','2018-10-22 22:02:24','2018-10-22 22:02:24',2,1),(21,13,1,1,'0881','2018-10-22 22:02:24','2018-10-22 22:02:24',2,1);
/*!40000 ALTER TABLE `HORARIOS` ENABLE KEYS */;
UNLOCK TABLES;

--
-- Table structure for table `INDICADORES`
--

DROP TABLE IF EXISTS `INDICADORES`;
/*!40101 SET @saved_cs_client     = @@character_set_client */;
/*!40101 SET character_set_client = utf8 */;
CREATE TABLE `INDICADORES` (
  `ID_INDICADOR` int(10) unsigned NOT NULL AUTO_INCREMENT,
  `ID_CATEGORIA` int(10) unsigned NOT NULL,
  `ID_SEMESTRE` int(10) unsigned NOT NULL,
  `ID_ESPECIALIDAD` int(10) unsigned NOT NULL,
  `NOMBRE` varchar(500) DEFAULT NULL,
  `FECHA_REGISTRO` datetime DEFAULT NULL,
  `FECHA_ACTUALIZACION` datetime DEFAULT NULL,
  `USUARIO_MODIF` int(11) DEFAULT NULL,
  `ESTADO` int(11) DEFAULT NULL,
  PRIMARY KEY (`ID_INDICADOR`,`ID_CATEGORIA`,`ID_SEMESTRE`,`ID_ESPECIALIDAD`),
  UNIQUE KEY `ID_INDICADOR_UNIQUE` (`ID_INDICADOR`),
  KEY `FK_INDICADORES_CATEGORIAS1` (`ID_CATEGORIA`)
) ENGINE=InnoDB DEFAULT CHARSET=utf8;
/*!40101 SET character_set_client = @saved_cs_client */;

--
-- Dumping data for table `INDICADORES`
--

LOCK TABLES `INDICADORES` WRITE;
/*!40000 ALTER TABLE `INDICADORES` DISABLE KEYS */;
/*!40000 ALTER TABLE `INDICADORES` ENABLE KEYS */;
UNLOCK TABLES;

--
-- Table structure for table `INDICADORES_HAS_ALUMNOS_HAS_HORARIOS`
--

DROP TABLE IF EXISTS `INDICADORES_HAS_ALUMNOS_HAS_HORARIOS`;
/*!40101 SET @saved_cs_client     = @@character_set_client */;
/*!40101 SET character_set_client = utf8 */;
CREATE TABLE `INDICADORES_HAS_ALUMNOS_HAS_HORARIOS` (
  `ID_ALUMNO` int(10) unsigned NOT NULL,
  `ID_HORARIO` int(10) unsigned NOT NULL,
  `ID_SEMESTRE` int(10) unsigned NOT NULL,
  `ID_ESPECIALIDAD` int(10) unsigned NOT NULL,
  `ID_INDICADOR` int(10) unsigned NOT NULL,
  `ID_DESCRIPCION` int(10) unsigned NOT NULL,
  `FECHA_REGISTRO` datetime DEFAULT NULL,
  `FECHA_ACTUALIZACION` datetime DEFAULT NULL,
  `USUARIO_MODIF` int(11) DEFAULT NULL,
  `ESTADO` int(11) DEFAULT NULL,
  PRIMARY KEY (`ID_ALUMNO`,`ID_HORARIO`,`ID_SEMESTRE`,`ID_ESPECIALIDAD`,`ID_INDICADOR`,`ID_DESCRIPCION`),
  KEY `FK_INDICADORES_HAS_ALUMNOS_HAS_HORARIOS_ALUMNOS_HAS_HORARIOS1` (`ID_ALUMNO`,`ID_HORARIO`),
  KEY `FK_INDICADORES_HAS_ALUMNOS_HAS_HORARIOS_DESCRIPCIONES1` (`ID_INDICADOR`,`ID_DESCRIPCION`,`ID_SEMESTRE`,`ID_ESPECIALIDAD`),
  CONSTRAINT `FK_INDICADORES_HAS_ALUMNOS_HAS_HORARIOS_ALUMNOS_HAS_HORARIOS1` FOREIGN KEY (`ID_ALUMNO`, `ID_HORARIO`) REFERENCES `ALUMNOS_HAS_HORARIOS` (`ID_ALUMNO`, `ID_HORARIO`) ON DELETE NO ACTION ON UPDATE NO ACTION,
  CONSTRAINT `FK_INDICADORES_HAS_ALUMNOS_HAS_HORARIOS_DESCRIPCIONES1` FOREIGN KEY (`ID_INDICADOR`, `ID_DESCRIPCION`, `ID_SEMESTRE`, `ID_ESPECIALIDAD`) REFERENCES `DESCRIPCIONES` (`ID_INDICADOR`, `ID_DESCRIPCION`, `ID_SEMESTRE`, `ID_ESPECIALIDAD`) ON DELETE NO ACTION ON UPDATE NO ACTION
) ENGINE=InnoDB DEFAULT CHARSET=utf8;
/*!40101 SET character_set_client = @saved_cs_client */;

--
-- Dumping data for table `INDICADORES_HAS_ALUMNOS_HAS_HORARIOS`
--

LOCK TABLES `INDICADORES_HAS_ALUMNOS_HAS_HORARIOS` WRITE;
/*!40000 ALTER TABLE `INDICADORES_HAS_ALUMNOS_HAS_HORARIOS` DISABLE KEYS */;
/*!40000 ALTER TABLE `INDICADORES_HAS_ALUMNOS_HAS_HORARIOS` ENABLE KEYS */;
UNLOCK TABLES;

--
-- Table structure for table `INDICADORES_HAS_CURSOS`
--

DROP TABLE IF EXISTS `INDICADORES_HAS_CURSOS`;
/*!40101 SET @saved_cs_client     = @@character_set_client */;
/*!40101 SET character_set_client = utf8 */;
CREATE TABLE `INDICADORES_HAS_CURSOS` (
  `ID_CURSO` int(10) unsigned NOT NULL,
  `ID_INDICADOR` int(10) unsigned NOT NULL,
  `ID_CATEGORIA` int(10) unsigned NOT NULL,
  `ID_SEMESTRE` int(10) unsigned NOT NULL,
  `ID_ESPECIALIDAD` int(10) unsigned NOT NULL,
  `FECHA_REGISTRO` datetime DEFAULT NULL,
  `FECHA_ACTUALIZACION` datetime DEFAULT NULL,
  `USUARIO_MODIF` int(11) DEFAULT NULL,
  `ESTADO` int(11) DEFAULT NULL,
  PRIMARY KEY (`ID_CURSO`,`ID_INDICADOR`,`ID_CATEGORIA`,`ID_SEMESTRE`,`ID_ESPECIALIDAD`),
  KEY `FK_INDICADORES_HAS_CURSOS_INDICADORES1` (`ID_INDICADOR`,`ID_CATEGORIA`),
  KEY `FK_INDICADORES_HAS_CURSOS_CURSOS1` (`ID_CURSO`,`ID_SEMESTRE`,`ID_ESPECIALIDAD`),
  CONSTRAINT `FK_INDICADORES_HAS_CURSOS_CURSOS1` FOREIGN KEY (`ID_CURSO`, `ID_SEMESTRE`, `ID_ESPECIALIDAD`) REFERENCES `CURSOS` (`ID_CURSO`, `ID_SEMESTRE`, `ID_ESPECIALIDAD`),
  CONSTRAINT `FK_INDICADORES_HAS_CURSOS_INDICADORES1` FOREIGN KEY (`ID_INDICADOR`, `ID_CATEGORIA`) REFERENCES `INDICADORES` (`ID_INDICADOR`, `ID_CATEGORIA`) ON DELETE NO ACTION ON UPDATE NO ACTION
) ENGINE=InnoDB DEFAULT CHARSET=utf8;
/*!40101 SET character_set_client = @saved_cs_client */;

--
-- Dumping data for table `INDICADORES_HAS_CURSOS`
--

LOCK TABLES `INDICADORES_HAS_CURSOS` WRITE;
/*!40000 ALTER TABLE `INDICADORES_HAS_CURSOS` DISABLE KEYS */;
/*!40000 ALTER TABLE `INDICADORES_HAS_CURSOS` ENABLE KEYS */;
UNLOCK TABLES;

--
-- Table structure for table `MENUS`
--

DROP TABLE IF EXISTS `MENUS`;
/*!40101 SET @saved_cs_client     = @@character_set_client */;
/*!40101 SET character_set_client = utf8 */;
CREATE TABLE `MENUS` (
  `ID_MENU` int(10) unsigned NOT NULL AUTO_INCREMENT,
  `NOMBRE` varchar(45) DEFAULT NULL,
  `FECHA_REGISTRO` datetime DEFAULT NULL,
  `FECHA_ACTUALIZACION` datetime DEFAULT NULL,
  `USUARIO_MODIF` int(11) DEFAULT NULL,
  `ESTADO` int(11) DEFAULT NULL,
  PRIMARY KEY (`ID_MENU`),
  UNIQUE KEY `ID_MENU_UNIQUE` (`ID_MENU`)
) ENGINE=InnoDB DEFAULT CHARSET=utf8;
/*!40101 SET character_set_client = @saved_cs_client */;

--
-- Dumping data for table `MENUS`
--

LOCK TABLES `MENUS` WRITE;
/*!40000 ALTER TABLE `MENUS` DISABLE KEYS */;
/*!40000 ALTER TABLE `MENUS` ENABLE KEYS */;
UNLOCK TABLES;

--
-- Table structure for table `MENU_HAS_ROL`
--

DROP TABLE IF EXISTS `MENU_HAS_ROL`;
/*!40101 SET @saved_cs_client     = @@character_set_client */;
/*!40101 SET character_set_client = utf8 */;
CREATE TABLE `MENU_HAS_ROL` (
  `ID_MENU` int(10) unsigned NOT NULL,
  `ID_ROL` int(10) unsigned NOT NULL,
  `FECHA_REGISTRO` datetime DEFAULT NULL,
  `FECHA_ACTUALIZACION` datetime DEFAULT NULL,
  `USUARIO_MODIF` int(11) DEFAULT NULL,
  `ESTADO` int(11) DEFAULT NULL,
  PRIMARY KEY (`ID_MENU`,`ID_ROL`),
  KEY `FK_MENU_HAS_ROL_ROL1` (`ID_ROL`),
  KEY `FK_MENU_HAS_ROL_MENU1` (`ID_MENU`),
  CONSTRAINT `FK_MENU_HAS_ROL_MENU1` FOREIGN KEY (`ID_MENU`) REFERENCES `MENUS` (`ID_MENU`),
  CONSTRAINT `FK_MENU_HAS_ROL_ROL1` FOREIGN KEY (`ID_ROL`) REFERENCES `ROLES` (`ID_ROL`)
) ENGINE=InnoDB DEFAULT CHARSET=utf8;
/*!40101 SET character_set_client = @saved_cs_client */;

--
-- Dumping data for table `MENU_HAS_ROL`
--

LOCK TABLES `MENU_HAS_ROL` WRITE;
/*!40000 ALTER TABLE `MENU_HAS_ROL` DISABLE KEYS */;
/*!40000 ALTER TABLE `MENU_HAS_ROL` ENABLE KEYS */;
UNLOCK TABLES;

--
-- Table structure for table `PLANES_DE_MEJORAS`
--

DROP TABLE IF EXISTS `PLANES_DE_MEJORAS`;
/*!40101 SET @saved_cs_client     = @@character_set_client */;
/*!40101 SET character_set_client = utf8 */;
CREATE TABLE `PLANES_DE_MEJORAS` (
  `ID_PLAN` int(10) unsigned NOT NULL AUTO_INCREMENT,
  `ID_SEMESTRE` int(10) unsigned NOT NULL,
  `ID_ESPECIALIDAD` int(10) unsigned NOT NULL,
  `PLAN` mediumblob,
  `FECHA_REGISTRO` datetime DEFAULT NULL,
  `FECHA_ACTUALIZACION` datetime DEFAULT NULL,
  `USUARIO_MODIF` int(11) DEFAULT NULL,
  `ESTADO` int(11) DEFAULT NULL,
  PRIMARY KEY (`ID_PLAN`,`ID_SEMESTRE`,`ID_ESPECIALIDAD`),
  UNIQUE KEY `ID_PLAN_UNIQUE` (`ID_PLAN`),
  KEY `FK_PLANDEMEJORAS_SEMESTRES1` (`ID_SEMESTRE`),
  KEY `FK_PLANDEMEJORAS_ESPECIALIDADES1` (`ID_ESPECIALIDAD`),
  CONSTRAINT `FK_PLANDEMEJORAS_ESPECIALIDADES1` FOREIGN KEY (`ID_ESPECIALIDAD`) REFERENCES `ESPECIALIDADES` (`ID_ESPECIALIDAD`),
  CONSTRAINT `FK_PLANDEMEJORAS_SEMESTRES1` FOREIGN KEY (`ID_SEMESTRE`) REFERENCES `SEMESTRES` (`ID_SEMESTRE`)
) ENGINE=InnoDB DEFAULT CHARSET=utf8;
/*!40101 SET character_set_client = @saved_cs_client */;

--
-- Dumping data for table `PLANES_DE_MEJORAS`
--

LOCK TABLES `PLANES_DE_MEJORAS` WRITE;
/*!40000 ALTER TABLE `PLANES_DE_MEJORAS` DISABLE KEYS */;
/*!40000 ALTER TABLE `PLANES_DE_MEJORAS` ENABLE KEYS */;
UNLOCK TABLES;

--
-- Table structure for table `PROFESORES_HAS_HORARIOS`
--

DROP TABLE IF EXISTS `PROFESORES_HAS_HORARIOS`;
/*!40101 SET @saved_cs_client     = @@character_set_client */;
/*!40101 SET character_set_client = utf8 */;
CREATE TABLE `PROFESORES_HAS_HORARIOS` (
  `ID_USUARIO` int(10) unsigned NOT NULL,
  `ID_HORARIO` int(10) unsigned NOT NULL,
  `FECHA_REGISTRO` datetime DEFAULT NULL,
  `FECHA_ACTUALIZACION` datetime DEFAULT NULL,
  `USUARIO_MODIF` int(11) DEFAULT NULL,
  `ESTADO` int(11) DEFAULT NULL,
  PRIMARY KEY (`ID_USUARIO`,`ID_HORARIO`),
  KEY `FK_PROFESORES_HAS_HORARIOS_USUARIOS1` (`ID_USUARIO`),
  KEY `FK_PROFESORES_HAS_HORARIOS_HORARIOS1` (`ID_HORARIO`),
  CONSTRAINT `FK_PROFESORES_HAS_HORARIOS_HORARIOS1` FOREIGN KEY (`ID_HORARIO`) REFERENCES `HORARIOS` (`ID_HORARIO`) ON DELETE NO ACTION ON UPDATE NO ACTION,
  CONSTRAINT `FK_PROFESORES_HAS_HORARIOS_USUARIOS1` FOREIGN KEY (`ID_USUARIO`) REFERENCES `USUARIOS` (`ID_USUARIO`) ON DELETE NO ACTION ON UPDATE NO ACTION
) ENGINE=InnoDB DEFAULT CHARSET=utf8;
/*!40101 SET character_set_client = @saved_cs_client */;

--
-- Dumping data for table `PROFESORES_HAS_HORARIOS`
--

LOCK TABLES `PROFESORES_HAS_HORARIOS` WRITE;
/*!40000 ALTER TABLE `PROFESORES_HAS_HORARIOS` DISABLE KEYS */;
INSERT INTO `PROFESORES_HAS_HORARIOS` VALUES (4,17,'2018-10-22 23:48:50','2018-10-22 23:48:50',1,1),(5,1,'2018-10-22 23:48:50','2018-10-22 23:48:50',1,1),(6,2,'2018-10-22 23:48:50','2018-10-22 23:48:50',1,1),(6,20,'2018-10-22 23:48:50','2018-10-22 23:48:50',1,1),(7,3,'2018-10-22 23:48:50','2018-10-22 23:48:50',1,1),(7,21,'2018-10-22 23:48:50','2018-10-22 23:48:50',1,1),(8,4,'2018-10-22 23:48:50','2018-10-22 23:48:50',1,1),(9,5,'2018-10-22 23:48:50','2018-10-22 23:48:50',1,1),(9,8,'2018-10-22 23:48:50','2018-10-22 23:48:50',1,1),(10,6,'2018-10-22 23:48:50','2018-10-22 23:48:50',1,1),(11,7,'2018-10-22 23:48:50','2018-10-22 23:48:50',1,1),(12,9,'2018-10-22 23:48:50','2018-10-22 23:48:50',1,1),(12,11,'2018-10-22 23:48:50','2018-10-22 23:48:50',1,1),(12,16,'2018-10-22 23:48:50','2018-10-22 23:48:50',1,1),(13,10,'2018-10-22 23:48:50','2018-10-22 23:48:50',1,1),(14,12,'2018-10-22 23:48:50','2018-10-22 23:48:50',1,1),(15,13,'2018-10-22 23:48:50','2018-10-22 23:48:50',1,1),(16,14,'2018-10-22 23:48:50','2018-10-22 23:48:50',1,1),(17,15,'2018-10-22 23:48:50','2018-10-22 23:48:50',1,1),(19,18,'2018-10-22 23:48:50','2018-10-22 23:48:50',1,1),(20,19,'2018-10-22 23:48:50','2018-10-22 23:48:50',1,1);
/*!40000 ALTER TABLE `PROFESORES_HAS_HORARIOS` ENABLE KEYS */;
UNLOCK TABLES;

--
-- Table structure for table `PROYECTOS`
--

DROP TABLE IF EXISTS `PROYECTOS`;
/*!40101 SET @saved_cs_client     = @@character_set_client */;
/*!40101 SET character_set_client = utf8 */;
CREATE TABLE `PROYECTOS` (
  `ID_PROYECTO` int(10) unsigned NOT NULL AUTO_INCREMENT,
  `ID_SEMESTRE` int(10) unsigned NOT NULL,
  `ID_ESPECIALIDAD` int(10) unsigned NOT NULL,
  `RUTA` varchar(145) DEFAULT NULL,
  `NOMBRE` varchar(145) DEFAULT NULL,
  `PROYECTO` mediumblob,
  `FECHA_REGISTRO` datetime DEFAULT NULL,
  `FECHA_ACTUALIZACION` datetime DEFAULT NULL,
  `USUARIO_MODIF` int(11) DEFAULT NULL,
  `ESTADO` int(11) DEFAULT NULL,
  PRIMARY KEY (`ID_PROYECTO`,`ID_SEMESTRE`,`ID_ESPECIALIDAD`),
  UNIQUE KEY `ID_PROYECTO_UNIQUE` (`ID_PROYECTO`),
  KEY `FK_PROYECTOS_SEMESTRES1` (`ID_SEMESTRE`),
  KEY `FK_PROYECTOS_ESPECIALIDADES1` (`ID_ESPECIALIDAD`),
  CONSTRAINT `FK_PROYECTOS_ESPECIALIDADES1` FOREIGN KEY (`ID_ESPECIALIDAD`) REFERENCES `ESPECIALIDADES` (`ID_ESPECIALIDAD`),
  CONSTRAINT `FK_PROYECTOS_SEMESTRES1` FOREIGN KEY (`ID_SEMESTRE`) REFERENCES `SEMESTRES` (`ID_SEMESTRE`)
) ENGINE=InnoDB AUTO_INCREMENT=10 DEFAULT CHARSET=utf8;
/*!40101 SET character_set_client = @saved_cs_client */;

--
-- Dumping data for table `PROYECTOS`
--

LOCK TABLES `PROYECTOS` WRITE;
/*!40000 ALTER TABLE `PROYECTOS` DISABLE KEYS */;
INSERT INTO `PROYECTOS` VALUES (1,2,1,NULL,'Proyecto A',NULL,'2018-10-22 22:31:43','2018-10-22 22:31:43',4,1),(2,2,1,NULL,'Proyecto B',NULL,'2018-10-22 22:31:43','2018-10-22 22:31:43',4,1),(3,2,1,NULL,'Proyecto C',NULL,'2018-10-22 22:31:43','2018-10-22 22:31:43',4,1),(4,2,1,NULL,'Proyecto D',NULL,'2018-10-22 22:31:43','2018-10-22 22:31:43',4,1),(5,2,1,NULL,'Proyecto E',NULL,'2018-10-22 22:31:43','2018-10-22 22:31:43',4,1),(6,2,1,NULL,'Proyecto F',NULL,'2018-10-22 22:36:55','2018-10-22 22:36:55',4,1),(7,2,1,NULL,'Proyecto G',NULL,'2018-10-22 22:36:55','2018-10-22 22:36:55',4,1),(8,2,1,NULL,'Proyecto H',NULL,'2018-10-22 22:36:55','2018-10-22 22:36:55',4,1),(9,2,1,NULL,'Proyecto I',NULL,'2018-10-22 22:36:55','2018-10-22 22:36:55',4,1);
/*!40000 ALTER TABLE `PROYECTOS` ENABLE KEYS */;
UNLOCK TABLES;

--
-- Table structure for table `RESULTADOS`
--

DROP TABLE IF EXISTS `RESULTADOS`;
/*!40101 SET @saved_cs_client     = @@character_set_client */;
/*!40101 SET character_set_client = utf8 */;
CREATE TABLE `RESULTADOS` (
  `ID_RESULTADO` int(10) unsigned NOT NULL AUTO_INCREMENT,
  `ID_SEMESTRE` int(10) unsigned NOT NULL,
  `ID_ESPECIALIDAD` int(10) unsigned NOT NULL,
  `NOMBRE` varchar(45) DEFAULT NULL,
  `DESCRIPCION` varchar(1000) DEFAULT NULL,
  `FECHA_REGISTRO` datetime DEFAULT NULL,
  `FECHA_ACTUALIZACION` datetime DEFAULT NULL,
  `USUARIO_MODIF` int(11) DEFAULT NULL,
  `ESTADO` int(11) DEFAULT NULL,
  PRIMARY KEY (`ID_RESULTADO`,`ID_SEMESTRE`,`ID_ESPECIALIDAD`),
  UNIQUE KEY `ID_RESULTADO_UNIQUE` (`ID_RESULTADO`)
) ENGINE=InnoDB DEFAULT CHARSET=utf8;
/*!40101 SET character_set_client = @saved_cs_client */;

--
-- Dumping data for table `RESULTADOS`
--

LOCK TABLES `RESULTADOS` WRITE;
/*!40000 ALTER TABLE `RESULTADOS` DISABLE KEYS */;
/*!40000 ALTER TABLE `RESULTADOS` ENABLE KEYS */;
UNLOCK TABLES;

--
-- Table structure for table `ROLES`
--

DROP TABLE IF EXISTS `ROLES`;
/*!40101 SET @saved_cs_client     = @@character_set_client */;
/*!40101 SET character_set_client = utf8 */;
CREATE TABLE `ROLES` (
  `ID_ROL` int(10) unsigned NOT NULL AUTO_INCREMENT,
  `NOMBRE` varchar(50) DEFAULT NULL,
  `FECHA_REGISTRO` datetime DEFAULT NULL,
  `FECHA_ACTUALIZACION` datetime DEFAULT NULL,
  `USUARIO_MODIF` int(11) DEFAULT NULL,
  `ESTADO` int(11) DEFAULT NULL,
  PRIMARY KEY (`ID_ROL`),
  UNIQUE KEY `ID_ROL_UNIQUE` (`ID_ROL`)
) ENGINE=InnoDB AUTO_INCREMENT=5 DEFAULT CHARSET=utf8;
/*!40101 SET character_set_client = @saved_cs_client */;

--
-- Dumping data for table `ROLES`
--

LOCK TABLES `ROLES` WRITE;
/*!40000 ALTER TABLE `ROLES` DISABLE KEYS */;
INSERT INTO `ROLES` VALUES (1,'Administrador','2018-10-22 19:39:06','2018-10-22 19:39:06',1,1),(2,'Coordinador','2018-10-22 19:39:06','2018-10-22 19:39:06',1,1),(3,'Asistente','2018-10-22 19:39:06','2018-10-22 19:39:06',1,1),(4,'Profesor','2018-10-22 19:39:06','2018-10-22 19:39:06',1,1);
/*!40000 ALTER TABLE `ROLES` ENABLE KEYS */;
UNLOCK TABLES;

--
-- Table structure for table `SEMESTRES`
--

DROP TABLE IF EXISTS `SEMESTRES`;
/*!40101 SET @saved_cs_client     = @@character_set_client */;
/*!40101 SET character_set_client = utf8 */;
CREATE TABLE `SEMESTRES` (
  `ID_SEMESTRE` int(10) unsigned NOT NULL AUTO_INCREMENT,
  `FECHA_INICIO` datetime DEFAULT NULL,
  `FECHA_FIN` datetime DEFAULT NULL,
  `FECHA_ALERTA` datetime DEFAULT NULL,
  `ANHO` int(11) DEFAULT NULL,
  `CICLO` int(11) DEFAULT NULL,
  `FECHA_REGISTRO` datetime DEFAULT NULL,
  `FECHA_ACTUALIZACION` datetime DEFAULT NULL,
  `USUARIO_MODIF` int(11) DEFAULT NULL,
  `ESTADO` int(11) DEFAULT NULL,
  PRIMARY KEY (`ID_SEMESTRE`),
  UNIQUE KEY `ID_SEMESTRE` (`ID_SEMESTRE`)
) ENGINE=InnoDB AUTO_INCREMENT=3 DEFAULT CHARSET=utf8;
/*!40101 SET character_set_client = @saved_cs_client */;

--
-- Dumping data for table `SEMESTRES`
--

LOCK TABLES `SEMESTRES` WRITE;
/*!40000 ALTER TABLE `SEMESTRES` DISABLE KEYS */;
INSERT INTO `SEMESTRES` VALUES (1,'2017-03-12 00:00:00','2017-08-04 00:00:00','2017-07-21 00:00:00',2018,1,'2018-10-22 20:02:28','2018-10-22 20:02:28',1,1),(2,'2017-08-20 00:00:00','2019-01-12 00:00:00','2017-12-29 00:00:00',2018,2,'2018-10-22 20:02:28','2018-10-22 20:02:28',1,1);
/*!40000 ALTER TABLE `SEMESTRES` ENABLE KEYS */;
UNLOCK TABLES;

--
-- Table structure for table `SOS`
--

DROP TABLE IF EXISTS `SOS`;
/*!40101 SET @saved_cs_client     = @@character_set_client */;
/*!40101 SET character_set_client = utf8 */;
CREATE TABLE `SOS` (
  `ID_SOS` int(10) unsigned NOT NULL AUTO_INCREMENT,
  `ID_SEMESTRE` int(10) unsigned NOT NULL,
  `ID_ESPECIALIDAD` int(10) unsigned NOT NULL,
  `DESCRIPCION` varchar(100) DEFAULT NULL,
  `FECHA_REGISTRO` datetime DEFAULT NULL,
  `FECHA_ACTUALIZACION` datetime DEFAULT NULL,
  `USUARIO_MODIF` int(11) DEFAULT NULL,
  `ESTADO` int(11) DEFAULT NULL,
  PRIMARY KEY (`ID_SOS`,`ID_SEMESTRE`,`ID_ESPECIALIDAD`),
  UNIQUE KEY `ID_SOS_UNIQUE` (`ID_SOS`),
  KEY `FK_SOS_ESPECIALIDADES1` (`ID_ESPECIALIDAD`),
  KEY `FK_SOS_SEMESTRES1` (`ID_SEMESTRE`),
  CONSTRAINT `FK_SOS_ESPECIALIDADES1` FOREIGN KEY (`ID_ESPECIALIDAD`) REFERENCES `ESPECIALIDADES` (`ID_ESPECIALIDAD`),
  CONSTRAINT `FK_SOS_SEMESTRES1` FOREIGN KEY (`ID_SEMESTRE`) REFERENCES `SEMESTRES` (`ID_SEMESTRE`)
) ENGINE=InnoDB DEFAULT CHARSET=utf8;
/*!40101 SET character_set_client = @saved_cs_client */;

--
-- Dumping data for table `SOS`
--

LOCK TABLES `SOS` WRITE;
/*!40000 ALTER TABLE `SOS` DISABLE KEYS */;
/*!40000 ALTER TABLE `SOS` ENABLE KEYS */;
UNLOCK TABLES;

--
-- Table structure for table `SOS_HAS_EOS`
--

DROP TABLE IF EXISTS `SOS_HAS_EOS`;
/*!40101 SET @saved_cs_client     = @@character_set_client */;
/*!40101 SET character_set_client = utf8 */;
CREATE TABLE `SOS_HAS_EOS` (
  `ID_SOS` int(10) unsigned NOT NULL,
  `ID_EOS` int(10) unsigned NOT NULL,
  `ID_SEMESTRE` int(10) unsigned NOT NULL,
  `ID_ESPECIALIDAD` int(10) unsigned NOT NULL,
  `FECHA_REGISTRO` datetime DEFAULT NULL,
  `FECHA_ACTUALIZACION` datetime DEFAULT NULL,
  `USUARIO_MODIF` int(11) DEFAULT NULL,
  `ESTADO` int(11) DEFAULT NULL,
  PRIMARY KEY (`ID_SOS`,`ID_EOS`,`ID_ESPECIALIDAD`,`ID_SEMESTRE`),
  KEY `FK_SOS_HAS_EOS_EOS1` (`ID_EOS`),
  KEY `FK_SOS_HAS_EOS_SOS1` (`ID_SOS`,`ID_SEMESTRE`,`ID_ESPECIALIDAD`),
  CONSTRAINT `FK_SOS_HAS_EOS_EOS1` FOREIGN KEY (`ID_EOS`) REFERENCES `EOS` (`ID_EOS`) ON DELETE NO ACTION ON UPDATE NO ACTION,
  CONSTRAINT `FK_SOS_HAS_EOS_SOS1` FOREIGN KEY (`ID_SOS`, `ID_SEMESTRE`, `ID_ESPECIALIDAD`) REFERENCES `SOS` (`ID_SOS`, `ID_SEMESTRE`, `ID_ESPECIALIDAD`) ON DELETE NO ACTION ON UPDATE NO ACTION
) ENGINE=InnoDB DEFAULT CHARSET=utf8;
/*!40101 SET character_set_client = @saved_cs_client */;

--
-- Dumping data for table `SOS_HAS_EOS`
--

LOCK TABLES `SOS_HAS_EOS` WRITE;
/*!40000 ALTER TABLE `SOS_HAS_EOS` DISABLE KEYS */;
/*!40000 ALTER TABLE `SOS_HAS_EOS` ENABLE KEYS */;
UNLOCK TABLES;

--
-- Table structure for table `USUARIOS`
--

DROP TABLE IF EXISTS `USUARIOS`;
/*!40101 SET @saved_cs_client     = @@character_set_client */;
/*!40101 SET character_set_client = utf8 */;
CREATE TABLE `USUARIOS` (
  `ID_USUARIO` int(10) unsigned NOT NULL AUTO_INCREMENT,
  `ID_ROL` int(10) unsigned NOT NULL,
  `USUARIO` varchar(45) DEFAULT NULL,
  `PASS` varchar(200) DEFAULT NULL,
  `CORREO` varchar(100) DEFAULT NULL,
  `FECHA_REGISTRO` datetime DEFAULT NULL,
  `FECHA_ACTUALIZACION` datetime DEFAULT NULL,
  `USUARIO_MODIF` int(11) DEFAULT NULL,
  `ESTADO` int(11) DEFAULT NULL,
  `NOMBRES` varchar(50) DEFAULT NULL,
  `APELLIDO_PATERNO` varchar(50) DEFAULT NULL,
  `APELLIDO_MATERNO` varchar(50) DEFAULT NULL,
  PRIMARY KEY (`ID_USUARIO`,`ID_ROL`),
  UNIQUE KEY `ID_USUARIO_UNIQUE` (`ID_USUARIO`),
  KEY `FK_USUARIOS_ROLES1` (`ID_ROL`),
  CONSTRAINT `FK_USUARIOS_ROLES1` FOREIGN KEY (`ID_ROL`) REFERENCES `ROLES` (`ID_ROL`)
) ENGINE=InnoDB AUTO_INCREMENT=21 DEFAULT CHARSET=utf8;
/*!40101 SET character_set_client = @saved_cs_client */;

--
-- Dumping data for table `USUARIOS`
--

LOCK TABLES `USUARIOS` WRITE;
/*!40000 ALTER TABLE `USUARIOS` DISABLE KEYS */;
INSERT INTO `USUARIOS` VALUES (1,1,'20142145',NULL,'sebastian.ganto@pucp.pe','2018-10-22 19:46:28','2018-10-22 19:46:28',1,1,'Gabriel Sebastian','Ganto','Huarhua'),(2,2,'C0007',NULL,'luis.flores@pucp.pe','2018-10-22 19:46:28','2018-10-22 19:46:28',1,1,'Luis','Flores','Garcia'),(3,3,'A0007',NULL,'jhair.doe@pucp.pe','2018-10-22 19:46:28','2018-10-22 19:46:28',1,1,'Jhair','Doe','Doe'),(4,4,'P0007',NULL,'freddy.paz@pucp.pe','2018-10-22 19:46:28','2018-10-22 19:46:28',1,1,'Freddy','Paz','Arenas'),(5,4,'P001',NULL,'cdaly@pucp.pe','2018-10-22 23:22:30','2018-10-22 23:22:30',1,1,'Corrado Pablo','Daly','Scaletti'),(6,4,'P002',NULL,'gbartra@pucp,pe','2018-10-22 23:22:30','2018-10-22 23:22:30',1,1,'Gumercindo','Bartra','Gardini'),(7,4,'P003',NULL,'luis.flores@pucp.pe','2018-10-22 23:22:30','2018-10-22 23:22:30',1,1,'Luis Alberto','Flores','Garcia'),(8,4,'P004',NULL,'cueva.r@pucp,pe','2018-10-22 23:22:30','2018-10-22 23:22:30',1,1,'Rony','Cueva','Moscoso'),(9,4,'P005',NULL,'cimendoz@pucp.pe','2018-10-22 23:22:30','2018-10-22 23:22:30',1,1,'Cesar Inca','Mendoza','Loyola'),(10,4,'P006',NULL,'valvarez@pucp.pe','2018-10-22 23:22:30','2018-10-22 23:22:30',1,1,'Victor Omar','Alvarez','Herrera'),(11,4,'P007',NULL,'vicente.ef@pucp.pe','2018-10-22 23:22:30','2018-10-22 23:22:30',1,1,'Erika Fabiola','Vicente','Melendez'),(12,4,'P008',NULL,'lrios@pucp,pe','2018-10-22 23:22:30','2018-10-22 23:22:30',1,1,'Luis Esteban','Rios','Alejos'),(13,4,'P009',NULL,'bazan.jose@pucp.pe','2018-10-22 23:22:30','2018-10-22 23:22:30',1,1,'Jose Fernando','Bazan','Reategui'),(14,4,'P010',NULL,'maehara@pucp,pe','2018-10-22 23:22:30','2018-10-22 23:22:30',1,1,'Rocio Paola','Maheara','Aliga'),(15,4,'P011',NULL,'davila.r@pucp.pe','2018-10-22 23:22:30','2018-10-22 23:22:30',1,1,'Abraham Eliseo','Davila','Ramon'),(16,4,'P012',NULL,'jsolis@pucp.pe','2018-10-22 23:22:30','2018-10-22 23:22:30',1,1,'Jorge Alberto','Solis','Tovar'),(17,4,'P013',NULL,'tupia.mf@pucp,pe','2018-10-22 23:22:30','2018-10-22 23:22:30',1,1,'Manuel Francisco','Tupia','Anticona'),(18,4,'P014',NULL,'fsolari@pucp.pe','2018-10-22 23:22:30','2018-10-22 23:22:30',1,1,'Felipe Piero Benjamin','Solari','Aguela'),(19,4,'P015',NULL,'cesar.aguilera@pucp.pe','2018-10-22 23:22:30','2018-10-22 23:22:30',1,1,'Cesar Augusto','Aguilera','Serpa'),(20,4,'P016',NULL,'amelgar@pucp.pe','2018-10-22 23:22:30','2018-10-22 23:22:30',1,1,'Hector Andres','Melgar','Sasieta');
/*!40000 ALTER TABLE `USUARIOS` ENABLE KEYS */;
UNLOCK TABLES;

--
-- Table structure for table `USUARIOS_HAS_ESPECIALIDADES`
--

DROP TABLE IF EXISTS `USUARIOS_HAS_ESPECIALIDADES`;
/*!40101 SET @saved_cs_client     = @@character_set_client */;
/*!40101 SET character_set_client = utf8 */;
CREATE TABLE `USUARIOS_HAS_ESPECIALIDADES` (
  `ID_USUARIO` int(10) unsigned NOT NULL,
  `ID_ESPECIALIDAD` int(10) unsigned NOT NULL,
  `FECHA_REGISTRO` datetime DEFAULT NULL,
  `FECHA_ACTUALIZACION` datetime DEFAULT NULL,
  `USUARIO_MODIF` int(11) DEFAULT NULL,
  `ESTADO` int(11) DEFAULT NULL,
  PRIMARY KEY (`ID_USUARIO`,`ID_ESPECIALIDAD`),
  KEY `FK_ESPECIALIDADES_HAS_PROFESORES_USUARIOS1` (`ID_USUARIO`),
  KEY `FK_ESPECIALIDADES_HAS_PROFESORES_ESPECIALIDADES1` (`ID_ESPECIALIDAD`),
  CONSTRAINT `FK_ESPECIALIDADES_HAS_PROFESORES_ESPECIALIDADES1` FOREIGN KEY (`ID_ESPECIALIDAD`) REFERENCES `ESPECIALIDADES` (`ID_ESPECIALIDAD`),
  CONSTRAINT `FK_ESPECIALIDADES_HAS_PROFESORES_USUARIOS1` FOREIGN KEY (`ID_USUARIO`) REFERENCES `USUARIOS` (`ID_USUARIO`)
) ENGINE=InnoDB DEFAULT CHARSET=utf8;
/*!40101 SET character_set_client = @saved_cs_client */;

--
-- Dumping data for table `USUARIOS_HAS_ESPECIALIDADES`
--

LOCK TABLES `USUARIOS_HAS_ESPECIALIDADES` WRITE;
/*!40000 ALTER TABLE `USUARIOS_HAS_ESPECIALIDADES` DISABLE KEYS */;
INSERT INTO `USUARIOS_HAS_ESPECIALIDADES` VALUES (2,1,'2018-10-22 23:29:30','2018-10-22 23:29:30',1,1),(3,1,'2018-10-22 23:29:30','2018-10-22 23:29:30',1,1),(4,1,'2018-10-22 23:29:30','2018-10-22 23:29:30',1,1),(5,1,'2018-10-22 23:29:30','2018-10-22 23:29:30',1,1),(6,1,'2018-10-22 23:29:30','2018-10-22 23:29:30',1,1),(7,1,'2018-10-22 23:29:30','2018-10-22 23:29:30',1,1),(8,1,'2018-10-22 23:29:30','2018-10-22 23:29:30',1,1),(9,1,'2018-10-22 23:29:30','2018-10-22 23:29:30',1,1),(10,1,'2018-10-22 23:29:30','2018-10-22 23:29:30',1,1),(11,1,'2018-10-22 23:29:30','2018-10-22 23:29:30',1,1),(12,1,'2018-10-22 23:29:30','2018-10-22 23:29:30',1,1),(13,1,'2018-10-22 23:29:30','2018-10-22 23:29:30',1,1),(14,1,'2018-10-22 23:29:30','2018-10-22 23:29:30',1,1),(15,1,'2018-10-22 23:29:30','2018-10-22 23:29:30',1,1),(16,1,'2018-10-22 23:29:30','2018-10-22 23:29:30',1,1),(17,1,'2018-10-22 23:29:30','2018-10-22 23:29:30',1,1),(18,1,'2018-10-22 23:29:30','2018-10-22 23:29:30',1,1),(19,1,'2018-10-22 23:29:30','2018-10-22 23:29:30',1,1),(20,1,'2018-10-22 23:29:30','2018-10-22 23:29:30',1,1);
/*!40000 ALTER TABLE `USUARIOS_HAS_ESPECIALIDADES` ENABLE KEYS */;
UNLOCK TABLES;
/*!40103 SET TIME_ZONE=@OLD_TIME_ZONE */;

/*!40101 SET SQL_MODE=@OLD_SQL_MODE */;
/*!40014 SET FOREIGN_KEY_CHECKS=@OLD_FOREIGN_KEY_CHECKS */;
/*!40014 SET UNIQUE_CHECKS=@OLD_UNIQUE_CHECKS */;
/*!40101 SET CHARACTER_SET_CLIENT=@OLD_CHARACTER_SET_CLIENT */;
/*!40101 SET CHARACTER_SET_RESULTS=@OLD_CHARACTER_SET_RESULTS */;
/*!40101 SET COLLATION_CONNECTION=@OLD_COLLATION_CONNECTION */;
/*!40111 SET SQL_NOTES=@OLD_SQL_NOTES */;

-- Dump completed on 2018-10-23 19:46:13
